<application>
  <component name="DesignSurface">
    <option name="filePathToZoomLevelMap">
      <map>
        <entry key="../../../../../layout/custom_preview.xml" value="0.1" />
        <entry key="app/src/main/res/layout/activity_composer.xml" value="0.5958333333333333" />
        <entry key="app/src/main/res/layout/activity_login.xml" value="0.2677083333333333" />
        <entry key="app/src/main/res/layout/activity_main.xml" value="0.5866666666666667" />
        <entry key="app/src/main/res/layout/activity_onboarding.xml" value="0.2677083333333333" />
        <entry key="app/src/main/res/layout/activity_register.xml" value="0.2677083333333333" />
        <entry key="app/src/main/res/layout/activity_settings.xml" value="0.5958333333333333" />
        <entry key="app/src/main/res/layout/cell_aggregated_sygnl.xml" value="0.5" />
        <entry key="app/src/main/res/layout/cell_filters_option.xml" value="0.3145833333333333" />
        <entry key="app/src/main/res/layout/cell_selectable_option.xml" value="0.3145833333333333" />
        <entry key="app/src/main/res/layout/dialog_filters_channels.xml" value="0.49537037037037035" />
        <entry key="app/src/main/res/layout/dialog_filters_proximity.xml" value="0.49444444444444446" />
        <entry key="app/src/main/res/layout/dialog_filters_sort.xml" value="0.49537037037037035" />
        <entry key="app/src/main/res/layout/dialog_filters_source.xml" value="0.49537037037037035" />
        <entry key="app/src/main/res/layout/dialog_loading.xml" value="0.3828125" />
        <entry key="app/src/main/res/layout/fragment_aggregated_sygnls.xml" value="0.3592592592592593" />
        <entry key="app/src/main/res/layout/fragment_filters.xml" value="0.5958333333333333" />
        <entry key="app/src/main/res/layout/fragment_filters_channels.xml" value="0.290625" />
        <entry key="app/src/main/res/layout/fragment_filters_proximity.xml" value="0.290625" />
        <entry key="app/src/main/res/layout/fragment_filters_sort.xml" value="0.290625" />
        <entry key="app/src/main/res/layout/fragment_filters_source.xml" value="0.290625" />
        <entry key="app/src/main/res/layout/fragment_filters_source_dialog.xml" value="0.290625" />
        <entry key="app/src/main/res/layout/fragment_lightbox_dialog.xml" value="0.48055555555555557" />
        <entry key="app/src/main/res/layout/fragment_loading_dialog.xml" value="0.43796296296296294" />
        <entry key="app/src/main/res/layout/fragment_login_by_phone.xml" value="0.28541666666666665" />
        <entry key="app/src/main/res/layout/fragment_login_verify_code.xml" value="0.487962962962963" />
        <entry key="app/src/main/res/layout/fragment_map.xml" value="0.5866666666666667" />
        <entry key="app/src/main/res/layout/fragment_me.xml" value="0.3145833333333333" />
        <entry key="app/src/main/res/layout/fragment_profile.xml" value="0.1" />
        <entry key="app/src/main/res/layout/fragment_profile_dialog.xml" value="0.48055555555555557" />
        <entry key="app/src/main/res/layout/fragment_region_code_selector_dialog.xml" value="0.487962962962963" />
        <entry key="app/src/main/res/layout/fragment_settings_menu.xml" value="0.3145833333333333" />
        <entry key="app/src/main/res/layout/fragment_sonar.xml" value="0.3145833333333333" />
        <entry key="app/src/main/res/layout/fragment_sygnl.xml" value="0.48055555555555557" />
        <entry key="app/src/main/res/layout/item_aggregated_sygnl.xml" value="1.5" />
        <entry key="app/src/main/res/layout/item_filters_option.xml" value="0.28541666666666665" />
        <entry key="app/src/main/res/layout/item_region_code.xml" value="0.28541666666666665" />
        <entry key="app/src/main/res/layout/item_settings_slider.xml" value="0.5866666666666667" />
        <entry key="app/src/main/res/layout/item_settings_switch.xml" value="0.3284810126582278" />
        <entry key="app/src/main/res/layout/item_sygnl_comment.xml" value="0.16875" />
        <entry key="app/src/main/res/layout/item_sygnl_echo.xml" value="0.16875" />
        <entry key="app/src/main/res/layout/item_sygnl_source.xml" value="0.16875" />
        <entry key="app/src/main/res/layout/view_aggregated_sygnls_recycler_view_placeholder.xml" value="0.5958333333333333" />
        <entry key="app/src/main/res/layout/view_sygnl_source_compact.xml" value="0.3145833333333333" />
      </map>
    </option>
  </component>
</application>