<application>
  <component name="UISettings">
    <option name="compactTreeIndents" value="true" />
    <option name="HIDE_KNOWN_EXTENSION_IN_TABS" value="true" />
    <option name="HIDE_TOOL_STRIPES" value="true" />
    <option name="IDE_AA_TYPE" value="Greyscale" />
    <option name="MARK_MODIFIED_TABS_WITH_ASTERISK" value="true" />
    <option name="SHOW_FILE_ICONS_IN_TABS" value="false" />
    <option name="SHOW_NAVIGATION_BAR_MEMBERS" value="false" />
    <option name="SHOW_STATUS_BAR" value="false" />
    <option name="smoothScrolling" value="false" />
    <option name="USE_SMALL_LABELS_ON_TABS" value="false" />
  </component>
</application>