<keymap version="1" name="Mu" parent="Mac OS X 10.5+">
  <action id="$Delete">
    <keyboard-shortcut first-keystroke="back_space" />
  </action>
  <action id="ActivateAndroidProfilerToolWindow">
    <keyboard-shortcut first-keystroke="meta alt i" />
  </action>
  <action id="ActivateDebugToolWindow">
    <keyboard-shortcut first-keystroke="meta 5" />
    <keyboard-shortcut first-keystroke="shift meta y" />
  </action>
  <action id="ActivateFavoritesToolWindow">
    <keyboard-shortcut first-keystroke="meta 1" />
  </action>
  <action id="ActivateLogcatToolWindow">
    <keyboard-shortcut first-keystroke="meta 6" />
    <keyboard-shortcut first-keystroke="meta alt l" />
  </action>
  <action id="ActivatePreviewToolWindow">
    <keyboard-shortcut first-keystroke="meta alt 0" />
  </action>
  <action id="ActivateProblemsViewToolWindow">
    <keyboard-shortcut first-keystroke="meta 7" />
  </action>
  <action id="ActivateProjectToolWindow">
    <keyboard-shortcut first-keystroke="meta 0" />
  </action>
  <action id="ActivateStructureToolWindow">
    <keyboard-shortcut first-keystroke="meta 2" />
  </action>
  <action id="ActivateTODOToolWindow" />
  <action id="ActivateTerminalToolWindow">
    <keyboard-shortcut first-keystroke="meta alt t" />
  </action>
  <action id="ActivateVersionControlToolWindow">
    <keyboard-shortcut first-keystroke="meta alt c" />
  </action>
  <action id="AddToFavoritesPopup" />
  <action id="Android Profiler">
    <keyboard-shortcut first-keystroke="meta i" />
  </action>
  <action id="Android.CleanRun" />
  <action id="Android.Designer.ForceRefreshPreview">
    <keyboard-shortcut first-keystroke="meta r" />
  </action>
  <action id="Android.Designer.IssueNotificationAction" />
  <action id="Android.Designer.NextDevice" />
  <action id="Android.Designer.PreviousDevice" />
  <action id="Android.Designer.SwitchDesignMode">
    <keyboard-shortcut first-keystroke="ctrl meta 3" />
  </action>
  <action id="Android.Designer.ToggleDeviceOrientation" />
  <action id="Android.SyncProject">
    <keyboard-shortcut first-keystroke="shift meta s" />
  </action>
  <action id="Arrangement.Alias.Rule.Match.Condition.Move.Up" />
  <action id="Arrangement.Alias.Rule.Remove">
    <keyboard-shortcut first-keystroke="delete" />
    <keyboard-shortcut first-keystroke="back_space" />
  </action>
  <action id="Arrangement.Rule.Match.Condition.Move.Down" />
  <action id="Arrangement.Rule.Match.Condition.Move.Up" />
  <action id="Arrangement.Rule.Remove">
    <keyboard-shortcut first-keystroke="delete" />
    <keyboard-shortcut first-keystroke="back_space" />
  </action>
  <action id="AutoIndentLines">
    <keyboard-shortcut first-keystroke="shift alt i" />
  </action>
  <action id="Back">
    <mouse-shortcut keystroke="button4" />
  </action>
  <action id="CIDR.Lang.Cpp.GenerateDefinitions" />
  <action id="CIDR.Lang.IntroduceConstant" />
  <action id="CheckinProject">
    <keyboard-shortcut first-keystroke="shift meta alt c" />
  </action>
  <action id="ChooseDebugConfiguration">
    <keyboard-shortcut first-keystroke="meta alt f12" />
  </action>
  <action id="ChooseRunConfiguration">
    <keyboard-shortcut first-keystroke="alt f12" />
  </action>
  <action id="CleanGradleProject">
    <keyboard-shortcut first-keystroke="shift meta alt k" />
  </action>
  <action id="CodeInspection.OnEditor" />
  <action id="CollapseAllRegions">
    <keyboard-shortcut first-keystroke="shift meta alt left" />
  </action>
  <action id="CollapseBlock" />
  <action id="CollapseRegion">
    <keyboard-shortcut first-keystroke="meta alt left" />
  </action>
  <action id="CollapseRegionRecursively" />
  <action id="CompareTwoFiles">
    <keyboard-shortcut first-keystroke="meta alt d" />
  </action>
  <action id="CompileDirty" />
  <action id="ConsoleView.ClearAll">
    <keyboard-shortcut first-keystroke="meta k" />
  </action>
  <action id="ConvertJavaToKotlin" />
  <action id="CopyElement" />
  <action id="CopyReference" />
  <action id="Debug">
    <keyboard-shortcut first-keystroke="meta f12" />
  </action>
  <action id="Debugger.RemoveArrayFilter">
    <keyboard-shortcut first-keystroke="delete" />
    <keyboard-shortcut first-keystroke="back_space" />
  </action>
  <action id="Debugger.RemoveCustomField">
    <keyboard-shortcut first-keystroke="delete" />
    <keyboard-shortcut first-keystroke="back_space" />
  </action>
  <action id="DecrementWindowHeight" />
  <action id="Diff.ShowDiff">
    <keyboard-shortcut first-keystroke="meta alt d" />
  </action>
  <action id="Diff.ShowSettingsPopup" />
  <action id="DomElementsTreeView.DeleteElement">
    <keyboard-shortcut first-keystroke="delete" />
    <keyboard-shortcut first-keystroke="back_space" />
  </action>
  <action id="DuplicatesForm.SendToLeft" />
  <action id="DuplicatesForm.SendToRight" />
  <action id="EditSource">
    <keyboard-shortcut first-keystroke="f4" />
  </action>
  <action id="EditorAddOrRemoveCaret">
    <mouse-shortcut keystroke="alt button1" />
  </action>
  <action id="EditorCloneCaretAbove">
    <keyboard-shortcut first-keystroke="alt up" />
  </action>
  <action id="EditorCloneCaretBelow">
    <keyboard-shortcut first-keystroke="alt down" />
  </action>
  <action id="EditorCreateRectangularSelectionOnMouseDrag">
    <mouse-shortcut keystroke="button2" />
  </action>
  <action id="EditorDelete">
    <keyboard-shortcut first-keystroke="back_space" />
    <keyboard-shortcut first-keystroke="delete" />
  </action>
  <action id="EditorDeleteLine">
    <keyboard-shortcut first-keystroke="shift meta d" />
  </action>
  <action id="EditorDeleteToLineEnd">
    <keyboard-shortcut first-keystroke="meta delete" />
  </action>
  <action id="EditorDeleteToLineStart">
    <keyboard-shortcut first-keystroke="meta back_space" />
  </action>
  <action id="EditorDuplicate" />
  <action id="EditorDuplicateLines">
    <keyboard-shortcut first-keystroke="meta d" />
  </action>
  <action id="EditorIndentLineOrSelection">
    <keyboard-shortcut first-keystroke="meta close_bracket" />
  </action>
  <action id="EditorIndentSelection">
    <keyboard-shortcut first-keystroke="meta close_bracket" />
  </action>
  <action id="EditorMoveToPageBottom" />
  <action id="EditorMoveToPageBottomWithSelection">
    <keyboard-shortcut first-keystroke="shift alt down" />
  </action>
  <action id="EditorMoveToPageTop" />
  <action id="EditorMoveToPageTopWithSelection">
    <keyboard-shortcut first-keystroke="shift alt up" />
  </action>
  <action id="EditorPageDown">
    <keyboard-shortcut first-keystroke="page_down" />
    <keyboard-shortcut first-keystroke="meta down" />
  </action>
  <action id="EditorPageDownWithSelection">
    <keyboard-shortcut first-keystroke="shift page_down" />
    <keyboard-shortcut first-keystroke="shift meta down" />
  </action>
  <action id="EditorPageUp">
    <keyboard-shortcut first-keystroke="page_up" />
    <keyboard-shortcut first-keystroke="meta up" />
  </action>
  <action id="EditorPageUpWithSelection">
    <keyboard-shortcut first-keystroke="shift page_up" />
    <keyboard-shortcut first-keystroke="shift meta up" />
  </action>
  <action id="EditorSelectWord" />
  <action id="EditorToggleShowWhitespaces">
    <keyboard-shortcut first-keystroke="alt w" />
  </action>
  <action id="EditorToggleUseSoftWraps">
    <keyboard-shortcut first-keystroke="alt z" />
  </action>
  <action id="EditorUnSelectWord" />
  <action id="EditorUnindentSelection">
    <keyboard-shortcut first-keystroke="meta open_bracket" />
  </action>
  <action id="ExpandAllRegions">
    <keyboard-shortcut first-keystroke="shift meta alt right" />
  </action>
  <action id="ExpandAllToLevel1">
    <keyboard-shortcut first-keystroke="shift meta k" second-keystroke="meta 1" />
  </action>
  <action id="ExpandAllToLevel2">
    <keyboard-shortcut first-keystroke="shift meta k" second-keystroke="meta 2" />
  </action>
  <action id="ExpandAllToLevel3">
    <keyboard-shortcut first-keystroke="shift meta k" second-keystroke="meta 3" />
  </action>
  <action id="ExpandAllToLevel4">
    <keyboard-shortcut first-keystroke="shift meta k" second-keystroke="meta 4" />
  </action>
  <action id="ExpandAllToLevel5">
    <keyboard-shortcut first-keystroke="shift meta k" second-keystroke="meta 5" />
  </action>
  <action id="ExpandDocComments">
    <keyboard-shortcut first-keystroke="shift meta k" second-keystroke="meta slash" />
  </action>
  <action id="ExpandRegion">
    <keyboard-shortcut first-keystroke="meta alt right" />
  </action>
  <action id="ExpandRegionRecursively">
    <keyboard-shortcut first-keystroke="shift meta k" second-keystroke="meta close_bracket" />
  </action>
  <action id="ExpandToLevel1" />
  <action id="ExpandToLevel2" />
  <action id="ExpandToLevel3" />
  <action id="ExpandToLevel4" />
  <action id="ExpandToLevel5" />
  <action id="FileChooser.GotoDesktop" />
  <action id="FileChooser.GotoHome" />
  <action id="FileChooser.GotoProject" />
  <action id="FileChooser.TogglePathShowing" />
  <action id="FileStructurePopup" />
  <action id="FindNext">
    <keyboard-shortcut first-keystroke="f3" />
  </action>
  <action id="FindPrevious">
    <keyboard-shortcut first-keystroke="shift f3" />
  </action>
  <action id="FindWordAtCaret">
    <keyboard-shortcut first-keystroke="meta f3" />
  </action>
  <action id="ForceStepInto">
    <keyboard-shortcut first-keystroke="meta f8" />
  </action>
  <action id="ForceStepOver">
    <keyboard-shortcut first-keystroke="meta f9" />
  </action>
  <action id="Forward">
    <mouse-shortcut keystroke="button5" />
  </action>
  <action id="GenerateSourcesModuleAction">
    <keyboard-shortcut first-keystroke="meta m" />
  </action>
  <action id="Git.Commit.And.Push.Executor" />
  <action id="GotoDeclaration">
    <mouse-shortcut keystroke="meta button1" />
    <mouse-shortcut keystroke="button2" />
  </action>
  <action id="GotoFile">
    <keyboard-shortcut first-keystroke="meta p" />
  </action>
  <action id="GotoLine">
    <keyboard-shortcut first-keystroke="meta g" />
  </action>
  <action id="HideActiveWindow">
    <keyboard-shortcut first-keystroke="meta escape" />
  </action>
  <action id="HideAllWindows" />
  <action id="IncrementWindowHeight" />
  <action id="IntroduceConstant" />
  <action id="IntroduceField" />
  <action id="IntroduceProperty" />
  <action id="JumpToLastWindow" />
  <action id="MakeGradleModule">
    <keyboard-shortcut first-keystroke="meta b" />
  </action>
  <action id="MethodOverloadSwitchDown" />
  <action id="MethodOverloadSwitchUp" />
  <action id="MinimizeCurrentWindow" />
  <action id="MoveElementLeft" />
  <action id="MoveElementRight" />
  <action id="MoveLineDown">
    <keyboard-shortcut first-keystroke="meta alt down" />
  </action>
  <action id="MoveLineUp">
    <keyboard-shortcut first-keystroke="meta alt up" />
  </action>
  <action id="MoveStatementDown" />
  <action id="MoveStatementUp" />
  <action id="NextDiff" />
  <action id="NextOccurence" />
  <action id="OptimizeImports">
    <keyboard-shortcut first-keystroke="shift alt o" />
  </action>
  <action id="ParameterInfo" />
  <action id="PreviousOccurence" />
  <action id="QuickEvaluateExpression">
    <keyboard-shortcut first-keystroke="meta alt f8" />
  </action>
  <action id="QuickImplementations">
    <keyboard-shortcut first-keystroke="alt space" />
  </action>
  <action id="ReformatCode">
    <keyboard-shortcut first-keystroke="shift alt f" />
  </action>
  <action id="Refresh" />
  <action id="Replace">
    <keyboard-shortcut first-keystroke="meta alt f" />
  </action>
  <action id="ReplaceInPath">
    <keyboard-shortcut first-keystroke="shift meta alt f" />
  </action>
  <action id="ResizeToolWindowDown" />
  <action id="ResizeToolWindowUp" />
  <action id="RestoreDefaultLayout" />
  <action id="Resume">
    <keyboard-shortcut first-keystroke="f5" />
  </action>
  <action id="Run">
    <keyboard-shortcut first-keystroke="f12" />
  </action>
  <action id="RunDashboard.RemoveConfiguration">
    <keyboard-shortcut first-keystroke="delete" />
    <keyboard-shortcut first-keystroke="back_space" />
  </action>
  <action id="RunDashboard.UngroupConfigurations">
    <keyboard-shortcut first-keystroke="delete" />
    <keyboard-shortcut first-keystroke="back_space" />
  </action>
  <action id="SafeDelete" />
  <action id="SearchEverywhere.NavigateToNextGroup">
    <keyboard-shortcut first-keystroke="page_down" />
  </action>
  <action id="SearchEverywhere.NavigateToPrevGroup">
    <keyboard-shortcut first-keystroke="page_up" />
  </action>
  <action id="SendEOF" />
  <action id="ShowBookmarks" />
  <action id="ShowFilePath" />
  <action id="ShowNavBar">
    <keyboard-shortcut first-keystroke="alt home" />
  </action>
  <action id="ShowSearchHistory" />
  <action id="SmartSelect" />
  <action id="SmartStepInto">
    <keyboard-shortcut first-keystroke="shift f8" />
  </action>
  <action id="SplitHorizontally">
    <keyboard-shortcut first-keystroke="shift meta back_slash" />
  </action>
  <action id="SplitVertically">
    <keyboard-shortcut first-keystroke="meta back_slash" />
  </action>
  <action id="StepInto">
    <keyboard-shortcut first-keystroke="f8" />
  </action>
  <action id="StepOut">
    <keyboard-shortcut first-keystroke="f7" />
  </action>
  <action id="StepOver">
    <keyboard-shortcut first-keystroke="f9" />
  </action>
  <action id="Stop">
    <keyboard-shortcut first-keystroke="shift f12" />
  </action>
  <action id="StopBackgroundProcesses">
    <keyboard-shortcut first-keystroke="shift alt f12" />
  </action>
  <action id="SurroundWith" />
  <action id="Synchronize" />
  <action id="ToggleBookmark" />
  <action id="ToggleLineBreakpoint">
    <keyboard-shortcut first-keystroke="f11" />
  </action>
  <action id="Vcs.Push" />
  <action id="XDebugger.MuteBreakpoints">
    <keyboard-shortcut first-keystroke="meta y" />
  </action>
  <action id="XDebugger.RemoveWatch">
    <keyboard-shortcut first-keystroke="delete" />
    <keyboard-shortcut first-keystroke="back_space" />
  </action>
  <action id="android.deploy.ApplyChanges">
    <keyboard-shortcut first-keystroke="ctrl meta r" />
  </action>
  <action id="android.deploy.CodeSwap">
    <keyboard-shortcut first-keystroke="shift ctrl meta r" />
  </action>
</keymap>